Name,Address,Phone Number,DOB,Licence Number
Stephen Molina,"18,Jackson Parkway,Fairfield,US",+1-688-925-5302,1979-06-13,008 KMR
Carly Jones,"362,Washington 6thRD,Fairview,US",+1-501-979-3571,1934-02-17,755 EGO
Marissa Jones,"362,Washington 6thRD,Fairview,US",+1-895-607-8052,1928-07-18,D54 3JH
Heather Jones,"362,Washington 6thRD,Fairview,US",+1-785-142-4228,1948-09-16,895XP
Ryan Jones,"362,Washington 6thRD,Fairview,US",+1-950-414-5064,1903-07-03,2909 LZ
Seth Jones,"362,Washington 6thRD,Fairview,US",+1-360-943-7465,1911-06-20,392EK
Trevor Myers,"585,Dogwood WashingtonCircle,Pleasant Valley,US",+1-566-632-5491,1970-02-05,855-IFG
Amanda Myers,"585,Dogwood WashingtonCircle,Pleasant Valley,US",+1-182-683-2369,1971-05-02,9-T1574
Heather Myers,"585,Dogwood WashingtonCircle,Pleasant Valley,US",+1-865-300-3295,1993-02-25,344J
Natalie Myers,"585,Dogwood WashingtonCircle,Pleasant Valley,US",+1-319-440-7134,1931-12-12,162K9
Juan Myers,"585,Dogwood WashingtonCircle,Pleasant Valley,US",+1-584-577-4835,1983-09-10,187O
David Mata,"111,Smith Wy,Oak Ridge,US",+1-873-436-5160,1994-12-05,7IMR 10
Cynthia Mata,"111,Smith Wy,Oak Ridge,US",+1-169-309-8326,1973-12-01,157 OQK
Tanya Mata,"111,Smith Wy,Oak Ridge,US",+1-427-265-5820,2007-02-04,XW 87490
Melissa Tate,"31,College Blvd,Glendale,US",+1-530-254-7787,1951-11-14,XIE 180
David Tate,"31,College Blvd,Glendale,US",+1-754-881-2907,1997-12-02,5JE 361
Nathan Tate,"31,College Blvd,Glendale,US",+1-127-187-7999,1905-05-23,873FV
Dr. Tate,"31,College Blvd,Glendale,US",+1-886-409-3363,1995-04-11,MMN9687
Julie Tate,"31,College Blvd,Glendale,US",+1-628-246-5297,1959-12-31,2PX M06
Christopher Holden,"59,Williams SixthParkway,Lakeview,US",+1-657-429-6278,1921-08-04,AYG-372
Lauren Holden,"59,Williams SixthParkway,Lakeview,US",+1-252-812-9440,1931-09-29,QLM2774
Marco Holden,"59,Williams SixthParkway,Lakeview,US",+1-101-148-8391,2010-07-13,TNX 493
Linda Holden,"59,Williams SixthParkway,Lakeview,US",+1-296-923-8728,1987-04-09,9Y 0016G
Karen Simmons,"875,Lincoln Ct.,Union,US",+1-327-608-3221,1924-09-28,653 LAM
Kyle Simmons,"875,Lincoln Ct.,Union,US",+1-825-595-4066,1968-08-27,8-90399L
Maria Simmons,"875,Lincoln Ct.,Union,US",+1-630-413-7024,1914-01-23,X12 0YO
Christopher Bray,"819,1st LaurelAve,New Hope,US",+1-455-681-8475,1950-02-16,28UZ8
Sara Bray,"819,1st LaurelAve,New Hope,US",+1-602-243-8052,2008-03-30,494MC
Clifford Bray,"819,1st LaurelAve,New Hope,US",+1-674-154-4193,1912-05-19,361 VDF
Lisa Thompson,"851,Woodland PoplarST,Martinsville,US",+1-511-680-1313,1908-07-15,459XBN
Michelle Thompson,"851,Woodland PoplarST,Martinsville,US",+1-244-393-2203,1947-11-03,920-NUD
Zachary Thompson,"851,Woodland PoplarST,Martinsville,US",+1-336-491-8518,1990-06-13,HAD 560
Susan Diaz,"189,13th 2ndStreet,Maple Grove,US",+1-110-690-5376,1941-05-30,TZW-3132
Kevin Diaz,"189,13th 2ndStreet,Maple Grove,US",+1-143-291-5552,1980-02-22,MIZ-420
Gregory Diaz,"189,13th 2ndStreet,Maple Grove,US",+1-981-860-9585,1976-01-24,K80 0ZE
Carla Suarez,"76,Ash 8thCt.,Edgewood,US",+1-271-692-4821,1953-06-27,89AD4
Charles Suarez,"76,Ash 8thCt.,Edgewood,US",+1-963-925-8650,1943-10-14,33VS650
Jason Suarez,"76,Ash 8thCt.,Edgewood,US",+1-962-375-9239,1912-04-19,HSK-0119
Mallory Suarez,"76,Ash 8thCt.,Edgewood,US",+1-916-353-4813,2007-08-29,JRD 665
Katherine Suarez,"76,Ash 8thCt.,Edgewood,US",+1-102-130-2284,1929-05-21,8-L2451
Kelli Campbell,"424,Main SecondLn,Greenville,US",+1-544-539-5069,1906-04-14,YMA 169
Henry Glass,"314,Spring Ct.,Oakland,US",+1-229-863-3241,1922-09-21,11O CQ1
Rebecca Espinoza,"576,Adams CenterStreet,Valley View,US",+1-120-569-1606,1905-02-20,82I Z70
Sean Espinoza,"576,Adams CenterStreet,Valley View,US",+1-134-758-5738,1983-05-14,186-LYK
Steven Espinoza,"576,Adams CenterStreet,Valley View,US",+1-583-793-7786,1942-04-14,IOM 061
John Buchanan,"801,Green Dr.,Montpelier,US",+1-458-397-2581,1906-05-17,6481 UE
Melanie Buchanan,"801,Green Dr.,Montpelier,US",+1-136-323-5438,1917-07-30,22-OY13
Patrick Buchanan,"801,Green Dr.,Montpelier,US",+1-503-227-9030,1988-11-07,1-0305F
Michael Bauer,"460,Maple SpruceCourt,Somerville,US",+1-763-289-5330,1939-04-20,044 ORP
Jason Bauer,"460,Maple SpruceCourt,Somerville,US",+1-862-620-2598,1991-04-08,356XR
Jared Bauer,"460,Maple SpruceCourt,Somerville,US",+1-926-560-3000,1913-09-26,951 XN5
Lisa Bauer,"460,Maple SpruceCourt,Somerville,US",+1-228-261-1193,2010-10-08,HVQ 993
Sandra Bauer,"460,Maple SpruceCourt,Somerville,US",+1-485-545-8007,1974-03-12,OTV 026
Gabrielle Trujillo,"611,Wilson Way,Oakdale,US",+1-942-434-8144,1945-04-01,533 YGU
Corey Trujillo,"611,Wilson Way,Oakdale,US",+1-942-557-7800,1960-01-01,560 GEC
Roger Barnes,"675,Elm WilsonStreet,Hopewell,US",+1-926-238-9055,2009-11-07,ZWM 739
Dale Barnes,"675,Elm WilsonStreet,Hopewell,US",+1-351-690-4722,1948-04-30,644-296
Patricia Barnes,"675,Elm WilsonStreet,Hopewell,US",+1-415-296-3622,1951-01-12,2T 26051
John Barnes,"675,Elm WilsonStreet,Hopewell,US",+1-331-928-7241,1992-12-11,850-OFT
Darryl Barnes,"675,Elm WilsonStreet,Hopewell,US",+1-909-300-6337,1977-01-20,0P 64341
Chad Williams,"294,Jefferson SmithAve,Springfield,US",+1-854-210-7299,1921-06-01,MTL-7110
Brandon Williams,"294,Jefferson SmithAve,Springfield,US",+1-276-699-9181,1974-06-15,134WFW
Connie Williams,"294,Jefferson SmithAve,Springfield,US",+1-675-828-8955,1979-10-01,JY 54569
David Williams,"294,Jefferson SmithAve,Springfield,US",+1-213-285-9004,1998-09-07,34H EA2
Gregory Whitaker,"874,Park SecondAvenue,Green Acres,US",+1-699-953-8435,1984-02-26,86U LR7
Shawn Whitaker,"874,Park SecondAvenue,Green Acres,US",+1-788-788-8697,1948-09-26,LFP2724
Spencer Whitaker,"874,Park SecondAvenue,Green Acres,US",+1-838-635-4473,1946-04-28,874 WP4
Deborah Lee,"230,6th SpringDrive,Newtown,US",+1-879-805-3220,1970-10-22,605-PNJ
Joel Lee,"230,6th SpringDrive,Newtown,US",+1-202-946-5428,1943-01-12,KWC 313
Jessica Lee,"230,6th SpringDrive,Newtown,US",+1-938-614-4516,1975-05-03,517CDJ
Mark Robinson,"837,4th Street,Fairfield,US",+1-624-231-9148,1958-03-05,FGL0033
Samantha Black,"986,West EastBlvd,Pleasant Grove,US",+1-565-499-1094,1954-10-29,801S
Judy Black,"986,West EastBlvd,Pleasant Grove,US",+1-686-610-7451,1955-06-04,XUX-1919
Bobby Gaines,"649,Williams Ct.,Cedar,US",+1-762-251-2090,2013-10-09,398JH
Maria Sutton,"992,Birch Avenue,Oak Hill,US",+1-331-148-1401,1992-02-20,94-H996
Martin Sutton,"992,Birch Avenue,Oak Hill,US",+1-532-443-1846,1913-02-28,492 0QX
Matthew Sutton,"992,Birch Avenue,Oak Hill,US",+1-542-241-3206,1911-05-16,40P 703
Amy Green,"572,First ElevnthPkwy,Newport,US",+1-776-183-4013,1904-08-17,OQB-350
Stephanie Green,"572,First ElevnthPkwy,Newport,US",+1-561-634-6311,1976-09-18,383 EV0
Brett Vasquez,"748,Oak Avenue,Wildwood,US",+1-122-691-6845,1992-03-15,D37 7ES
Andrew Buchanan,"291,East Lane,Forestville,US",+1-546-555-8904,1908-07-15,3NJ R12
Ronald Buchanan,"291,East Lane,Forestville,US",+1-790-480-9560,1916-10-28,1H TH056
Sara Buchanan,"291,East Lane,Forestville,US",+1-362-429-8798,1941-07-07,667 HNH
Joseph Buchanan,"291,East Lane,Forestville,US",+1-701-239-3919,2012-07-28,76Y W21
Ryan Buchanan,"291,East Lane,Forestville,US",+1-511-925-5421,2013-02-10,758-EXS
Elizabeth Stephens,"243,8th LakeWy,Oakland,US",+1-478-569-6621,1908-10-31,609-QGV
Dalton Stephens,"243,8th LakeWy,Oakland,US",+1-504-150-8771,1957-02-25,4P H9788
Ricky Stephens,"243,8th LakeWy,Oakland,US",+1-858-115-8299,1939-11-16,561-MKM
Charles Robertson,"711,3rd 4thAve,Pine Grove,US",+1-450-958-1423,1949-09-10,91U WZ7
Elizabeth Robertson,"711,3rd 4thAve,Pine Grove,US",+1-334-813-8220,2011-03-24,9V H9370
Donna Davis,"785,1st CedarAve,Greenville,US",+1-299-517-2321,1907-09-22,849 JPF
Alan Johnson,"814,Washington MainDrive,Waterloo,US",+1-921-594-4304,1916-06-04,QPV 961
Marissa Johnson,"814,Washington MainDrive,Waterloo,US",+1-509-155-7112,1905-10-25,QPB 2060
Randy Johnson,"814,Washington MainDrive,Waterloo,US",+1-205-369-5803,1906-09-11,36-9967W
Mr. Johnson,"648,South 15thCourt,Lakeview,US",+1-382-948-8143,1927-01-25,0110
Sara Johnson,"648,South 15thCourt,Lakeview,US",+1-696-546-8960,1943-06-25,ACV 742
Brandon Johnson,"648,South 15thCourt,Lakeview,US",+1-475-786-8391,1969-09-12,4HQF323
Cheryl Johnson,"648,South 15thCourt,Lakeview,US",+1-256-184-1683,1938-05-22,DMC 964
Shawn Diaz,"999,4th Ct.,Sumner,US",+1-526-799-9595,1990-02-03,JMZ5782
Emily Hurley,"912,Second HickoryDrive,Plainview,US",+1-427-937-7535,1921-07-09,2K 5H0CHR
Dr. Hurley,"912,Second HickoryDrive,Plainview,US",+1-200-587-3104,1988-11-21,384 WIY
Debra Barnes,"13,10th Ct.,Hamilton,US",+1-706-257-2677,1955-01-30,YJ-6433
Wendy Barnes,"13,10th Ct.,Hamilton,US",+1-204-938-8502,1919-02-17,5PU 961
Kevin Barnes,"13,10th Ct.,Hamilton,US",+1-176-737-4663,1935-10-02,490350
Carolyn Barnes,"13,10th Ct.,Hamilton,US",+1-417-165-5358,1967-05-06,YF7 6230
Amy Barnes,"13,10th Ct.,Hamilton,US",+1-327-428-6804,1941-09-23,256-ELG
Lauren Hall,"369,2nd MaplePkwy,Bridgeport,US",+1-293-428-1183,1997-12-08,IWO 707
Miranda Charles,"198,Washington RD,Oakland,US",+1-521-773-5359,1972-11-17,9-68050
Ryan Charles,"198,Washington RD,Oakland,US",+1-744-465-2827,1981-10-04,1Q ZD850
William Charles,"198,Washington RD,Oakland,US",+1-804-736-2142,1920-12-05,SOR4129
Victor Charles,"198,Washington RD,Oakland,US",+1-598-609-7015,1986-01-08,269 8RD
Kristin Charles,"198,Washington RD,Oakland,US",+1-500-494-2501,1966-08-15,K81 8MJ
Karen Dillon,"884,Oak Court,Riverside,US",+1-161-779-7867,2014-04-12,OYM-723
Jenna Dillon,"884,Oak Court,Riverside,US",+1-729-115-9186,1940-08-28,7IS 470
Jessica Dillon,"884,Oak Court,Riverside,US",+1-867-477-1167,1905-07-07,8C 3452V
Kimberly Dillon,"884,Oak Court,Riverside,US",+1-758-801-2067,1905-08-06,7MS4245
Shawn Dillon,"884,Oak Court,Riverside,US",+1-761-180-2717,2004-04-20,644 1US
Wendy Ramsey,"762,Spring Dr.,Sulphur Springs,US",+1-836-748-8603,1978-07-20,TTF 770
Lindsey Ramsey,"762,Spring Dr.,Sulphur Springs,US",+1-996-119-5165,2004-05-08,806 ACM
Ryan Ramsey,"762,Spring Dr.,Sulphur Springs,US",+1-176-943-2843,1995-07-25,5X 0676C
Rachel Ramsey,"762,Spring Dr.,Sulphur Springs,US",+1-232-894-1640,1987-06-01,DHC 253
Cynthia Stanley,"206,4th Street,Union,US",+1-249-616-3707,1931-08-31,DLD-906
Steven Stanley,"206,4th Street,Union,US",+1-783-304-5758,1913-10-11,58M OW9
William Stanley,"206,4th Street,Union,US",+1-245-262-2174,1908-11-11,3284 KV
Steven Stanley,"206,4th Street,Union,US",+1-698-713-3978,2003-08-29,02-O406
Samuel Stuart,"995,Oak Boulevard,Union Hill,US",+1-695-119-3466,1954-03-26,N68 0OD
Krystal Stuart,"995,Oak Boulevard,Union Hill,US",+1-789-178-3036,1940-12-27,JWJ-1525
Pedro Stuart,"995,Oak Boulevard,Union Hill,US",+1-492-452-5330,1916-02-25,209 MNZ
Marisa Stuart,"995,Oak Boulevard,Union Hill,US",+1-149-295-6943,1972-12-15,UHO 0854
Michael Schmidt,"776,Washington ViewWy,Pleasant Grove,US",+1-684-412-1780,1924-12-30,09LE799
Beth Schmidt,"776,Washington ViewWy,Pleasant Grove,US",+1-499-518-2482,1964-02-01,449 JOY
Audrey Schmidt,"776,Washington ViewWy,Pleasant Grove,US",+1-961-437-7097,1952-01-05,A63-58R
Brittany Peck,"895,Valley Lane,Salem,US",+1-964-309-8865,2018-08-18,JAP 819
Austin Peck,"895,Valley Lane,Salem,US",+1-324-700-9701,1904-11-07,6786 GU
Lori Yoder,"583,Highland 2ndStreet,Fairfield,US",+1-977-322-6592,2001-09-02,YEH 427
Devon Yoder,"583,Highland 2ndStreet,Fairfield,US",+1-815-446-8247,1923-03-27,VKY 2881
Joseph Yoder,"583,Highland 2ndStreet,Fairfield,US",+1-105-904-1572,1986-02-22,JHN 419
Aaron Yoder,"583,Highland 2ndStreet,Fairfield,US",+1-625-788-2123,1981-07-11,196-ZUX
Carla Higgins,"190,7th Wy,Enterprise,US",+1-343-449-3910,1975-07-11,000UMD
Alexander Higgins,"190,7th Wy,Enterprise,US",+1-498-787-2820,2010-11-25,VOR-4317
Steven Higgins,"190,7th Wy,Enterprise,US",+1-606-189-3248,1950-02-07,0WSS 14
John Higgins,"190,7th Wy,Enterprise,US",+1-327-428-2529,1998-01-17,TFE 902
Amanda Higgins,"190,7th Wy,Enterprise,US",+1-439-127-7948,1929-04-20,871 NGA
Mary Obrien,"845,5th Pkwy,Green Acres,US",+1-472-232-6493,1961-11-07,C 651721
